[{"name": "bulbasaur", "types": ["poison", "grass"], "id": 1, "spriteURI": "https://raw.githubusercontent.com/PokeAPI/sprites/master/sprites/pokemon/1.png"}, {"name": "ivysaur", "types": ["poison", "grass"], "id": 2, "spriteURI": "https://raw.githubusercontent.com/PokeAPI/sprites/master/sprites/pokemon/2.png"}, {"name": "venusaur", "types": ["poison", "grass"], "id": 3, "spriteURI": "https://raw.githubusercontent.com/PokeAPI/sprites/master/sprites/pokemon/3.png"}, {"name": "charmander", "types": ["fire"], "id": 4, "spriteURI": "https://raw.githubusercontent.com/PokeAPI/sprites/master/sprites/pokemon/4.png"}, {"name": "charmeleon", "types": ["fire"], "id": 5, "spriteURI": "https://raw.githubusercontent.com/PokeAPI/sprites/master/sprites/pokemon/5.png"}, {"name": "charizard", "types": ["flying", "fire"], "id": 6, "spriteURI": "https://raw.githubusercontent.com/PokeAPI/sprites/master/sprites/pokemon/6.png"}, {"name": "squirtle", "types": ["water"], "id": 7, "spriteURI": "https://raw.githubusercontent.com/PokeAPI/sprites/master/sprites/pokemon/7.png"}, {"name": "wartortle", "types": ["water"], "id": 8, "spriteURI": "https://raw.githubusercontent.com/PokeAPI/sprites/master/sprites/pokemon/8.png"}, {"name": "blastoise", "types": ["water"], "id": 9, "spriteURI": "https://raw.githubusercontent.com/PokeAPI/sprites/master/sprites/pokemon/9.png"}, {"name": "caterpie", "types": ["bug"], "id": 10, "spriteURI": "https://raw.githubusercontent.com/PokeAPI/sprites/master/sprites/pokemon/10.png"}, {"name": "metapod", "types": ["bug"], "id": 11, "spriteURI": "https://raw.githubusercontent.com/PokeAPI/sprites/master/sprites/pokemon/11.png"}, {"name": "butterfree", "types": ["flying", "bug"], "id": 12, "spriteURI": "https://raw.githubusercontent.com/PokeAPI/sprites/master/sprites/pokemon/12.png"}, {"name": "weedle", "types": ["poison", "bug"], "id": 13, "spriteURI": "https://raw.githubusercontent.com/PokeAPI/sprites/master/sprites/pokemon/13.png"}, {"name": "kakuna", "types": ["poison", "bug"], "id": 14, "spriteURI": "https://raw.githubusercontent.com/PokeAPI/sprites/master/sprites/pokemon/14.png"}, {"name": "beedrill", "types": ["poison", "bug"], "id": 15, "spriteURI": "https://raw.githubusercontent.com/PokeAPI/sprites/master/sprites/pokemon/15.png"}, {"name": "pidgey", "types": ["flying", "normal"], "id": 16, "spriteURI": "https://raw.githubusercontent.com/PokeAPI/sprites/master/sprites/pokemon/16.png"}, {"name": "pidgeotto", "types": ["flying", "normal"], "id": 17, "spriteURI": "https://raw.githubusercontent.com/PokeAPI/sprites/master/sprites/pokemon/17.png"}, {"name": "pidgeot", "types": ["flying", "normal"], "id": 18, "spriteURI": "https://raw.githubusercontent.com/PokeAPI/sprites/master/sprites/pokemon/18.png"}, {"name": "rattata", "types": ["normal"], "id": 19, "spriteURI": "https://raw.githubusercontent.com/PokeAPI/sprites/master/sprites/pokemon/19.png"}, {"name": "raticate", "types": ["normal"], "id": 20, "spriteURI": "https://raw.githubusercontent.com/PokeAPI/sprites/master/sprites/pokemon/20.png"}, {"name": "spearow", "types": ["flying", "normal"], "id": 21, "spriteURI": "https://raw.githubusercontent.com/PokeAPI/sprites/master/sprites/pokemon/21.png"}, {"name": "fearow", "types": ["flying", "normal"], "id": 22, "spriteURI": "https://raw.githubusercontent.com/PokeAPI/sprites/master/sprites/pokemon/22.png"}, {"name": "ekans", "types": ["poison"], "id": 23, "spriteURI": "https://raw.githubusercontent.com/PokeAPI/sprites/master/sprites/pokemon/23.png"}, {"name": "arbok", "types": ["poison"], "id": 24, "spriteURI": "https://raw.githubusercontent.com/PokeAPI/sprites/master/sprites/pokemon/24.png"}, {"name": "pikachu", "types": ["electric"], "id": 25, "spriteURI": "https://raw.githubusercontent.com/PokeAPI/sprites/master/sprites/pokemon/25.png"}, {"name": "raichu", "types": ["electric"], "id": 26, "spriteURI": "https://raw.githubusercontent.com/PokeAPI/sprites/master/sprites/pokemon/26.png"}, {"name": "sandshrew", "types": ["ground"], "id": 27, "spriteURI": "https://raw.githubusercontent.com/PokeAPI/sprites/master/sprites/pokemon/27.png"}, {"name": "sandslash", "types": ["ground"], "id": 28, "spriteURI": "https://raw.githubusercontent.com/PokeAPI/sprites/master/sprites/pokemon/28.png"}, {"name": "nidoran-f", "types": ["poison"], "id": 29, "spriteURI": "https://raw.githubusercontent.com/PokeAPI/sprites/master/sprites/pokemon/29.png"}, {"name": "nidorina", "types": ["poison"], "id": 30, "spriteURI": "https://raw.githubusercontent.com/PokeAPI/sprites/master/sprites/pokemon/30.png"}, {"name": "nidoqueen", "types": ["ground", "poison"], "id": 31, "spriteURI": "https://raw.githubusercontent.com/PokeAPI/sprites/master/sprites/pokemon/31.png"}, {"name": "nidoran-m", "types": ["poison"], "id": 32, "spriteURI": "https://raw.githubusercontent.com/PokeAPI/sprites/master/sprites/pokemon/32.png"}, {"name": "nidorino", "types": ["poison"], "id": 33, "spriteURI": "https://raw.githubusercontent.com/PokeAPI/sprites/master/sprites/pokemon/33.png"}, {"name": "nidoking", "types": ["ground", "poison"], "id": 34, "spriteURI": "https://raw.githubusercontent.com/PokeAPI/sprites/master/sprites/pokemon/34.png"}, {"name": "clefairy", "types": ["fairy"], "id": 35, "spriteURI": "https://raw.githubusercontent.com/PokeAPI/sprites/master/sprites/pokemon/35.png"}, {"name": "clefable", "types": ["fairy"], "id": 36, "spriteURI": "https://raw.githubusercontent.com/PokeAPI/sprites/master/sprites/pokemon/36.png"}, {"name": "vulpix", "types": ["fire"], "id": 37, "spriteURI": "https://raw.githubusercontent.com/PokeAPI/sprites/master/sprites/pokemon/37.png"}, {"name": "ninetales", "types": ["fire"], "id": 38, "spriteURI": "https://raw.githubusercontent.com/PokeAPI/sprites/master/sprites/pokemon/38.png"}, {"name": "jigglypuff", "types": ["fairy", "normal"], "id": 39, "spriteURI": "https://raw.githubusercontent.com/PokeAPI/sprites/master/sprites/pokemon/39.png"}, {"name": "wigglytuff", "types": ["fairy", "normal"], "id": 40, "spriteURI": "https://raw.githubusercontent.com/PokeAPI/sprites/master/sprites/pokemon/40.png"}, {"name": "zubat", "types": ["flying", "poison"], "id": 41, "spriteURI": "https://raw.githubusercontent.com/PokeAPI/sprites/master/sprites/pokemon/41.png"}, {"name": "golbat", "types": ["flying", "poison"], "id": 42, "spriteURI": "https://raw.githubusercontent.com/PokeAPI/sprites/master/sprites/pokemon/42.png"}, {"name": "oddish", "types": ["poison", "grass"], "id": 43, "spriteURI": "https://raw.githubusercontent.com/PokeAPI/sprites/master/sprites/pokemon/43.png"}, {"name": "gloom", "types": ["poison", "grass"], "id": 44, "spriteURI": "https://raw.githubusercontent.com/PokeAPI/sprites/master/sprites/pokemon/44.png"}, {"name": "vileplume", "types": ["poison", "grass"], "id": 45, "spriteURI": "https://raw.githubusercontent.com/PokeAPI/sprites/master/sprites/pokemon/45.png"}, {"name": "paras", "types": ["grass", "bug"], "id": 46, "spriteURI": "https://raw.githubusercontent.com/PokeAPI/sprites/master/sprites/pokemon/46.png"}, {"name": "parasect", "types": ["grass", "bug"], "id": 47, "spriteURI": "https://raw.githubusercontent.com/PokeAPI/sprites/master/sprites/pokemon/47.png"}, {"name": "venonat", "types": ["poison", "bug"], "id": 48, "spriteURI": "https://raw.githubusercontent.com/PokeAPI/sprites/master/sprites/pokemon/48.png"}, {"name": "venomoth", "types": ["poison", "bug"], "id": 49, "spriteURI": "https://raw.githubusercontent.com/PokeAPI/sprites/master/sprites/pokemon/49.png"}, {"name": "diglett", "types": ["ground"], "id": 50, "spriteURI": "https://raw.githubusercontent.com/PokeAPI/sprites/master/sprites/pokemon/50.png"}, {"name": "dugtrio", "types": ["ground"], "id": 51, "spriteURI": "https://raw.githubusercontent.com/PokeAPI/sprites/master/sprites/pokemon/51.png"}, {"name": "meowth", "types": ["normal"], "id": 52, "spriteURI": "https://raw.githubusercontent.com/PokeAPI/sprites/master/sprites/pokemon/52.png"}, {"name": "persian", "types": ["normal"], "id": 53, "spriteURI": "https://raw.githubusercontent.com/PokeAPI/sprites/master/sprites/pokemon/53.png"}, {"name": "psyduck", "types": ["water"], "id": 54, "spriteURI": "https://raw.githubusercontent.com/PokeAPI/sprites/master/sprites/pokemon/54.png"}, {"name": "golduck", "types": ["water"], "id": 55, "spriteURI": "https://raw.githubusercontent.com/PokeAPI/sprites/master/sprites/pokemon/55.png"}, {"name": "mankey", "types": ["fighting"], "id": 56, "spriteURI": "https://raw.githubusercontent.com/PokeAPI/sprites/master/sprites/pokemon/56.png"}, {"name": "primeape", "types": ["fighting"], "id": 57, "spriteURI": "https://raw.githubusercontent.com/PokeAPI/sprites/master/sprites/pokemon/57.png"}, {"name": "growlithe", "types": ["fire"], "id": 58, "spriteURI": "https://raw.githubusercontent.com/PokeAPI/sprites/master/sprites/pokemon/58.png"}, {"name": "arcanine", "types": ["fire"], "id": 59, "spriteURI": "https://raw.githubusercontent.com/PokeAPI/sprites/master/sprites/pokemon/59.png"}, {"name": "poliwag", "types": ["water"], "id": 60, "spriteURI": "https://raw.githubusercontent.com/PokeAPI/sprites/master/sprites/pokemon/60.png"}, {"name": "poliwhirl", "types": ["water"], "id": 61, "spriteURI": "https://raw.githubusercontent.com/PokeAPI/sprites/master/sprites/pokemon/61.png"}, {"name": "poliwrath", "types": ["fighting", "water"], "id": 62, "spriteURI": "https://raw.githubusercontent.com/PokeAPI/sprites/master/sprites/pokemon/62.png"}, {"name": "abra", "types": ["psychic"], "id": 63, "spriteURI": "https://raw.githubusercontent.com/PokeAPI/sprites/master/sprites/pokemon/63.png"}, {"name": "kadabra", "types": ["psychic"], "id": 64, "spriteURI": "https://raw.githubusercontent.com/PokeAPI/sprites/master/sprites/pokemon/64.png"}, {"name": "alakazam", "types": ["psychic"], "id": 65, "spriteURI": "https://raw.githubusercontent.com/PokeAPI/sprites/master/sprites/pokemon/65.png"}, {"name": "machop", "types": ["fighting"], "id": 66, "spriteURI": "https://raw.githubusercontent.com/PokeAPI/sprites/master/sprites/pokemon/66.png"}, {"name": "machoke", "types": ["fighting"], "id": 67, "spriteURI": "https://raw.githubusercontent.com/PokeAPI/sprites/master/sprites/pokemon/67.png"}, {"name": "machamp", "types": ["fighting"], "id": 68, "spriteURI": "https://raw.githubusercontent.com/PokeAPI/sprites/master/sprites/pokemon/68.png"}, {"name": "bellsprout", "types": ["poison", "grass"], "id": 69, "spriteURI": "https://raw.githubusercontent.com/PokeAPI/sprites/master/sprites/pokemon/69.png"}, {"name": "weepinbell", "types": ["poison", "grass"], "id": 70, "spriteURI": "https://raw.githubusercontent.com/PokeAPI/sprites/master/sprites/pokemon/70.png"}, {"name": "victreebel", "types": ["poison", "grass"], "id": 71, "spriteURI": "https://raw.githubusercontent.com/PokeAPI/sprites/master/sprites/pokemon/71.png"}, {"name": "tentacool", "types": ["poison", "water"], "id": 72, "spriteURI": "https://raw.githubusercontent.com/PokeAPI/sprites/master/sprites/pokemon/72.png"}, {"name": "tentacruel", "types": ["poison", "water"], "id": 73, "spriteURI": "https://raw.githubusercontent.com/PokeAPI/sprites/master/sprites/pokemon/73.png"}, {"name": "geodude", "types": ["ground", "rock"], "id": 74, "spriteURI": "https://raw.githubusercontent.com/PokeAPI/sprites/master/sprites/pokemon/74.png"}, {"name": "graveler", "types": ["ground", "rock"], "id": 75, "spriteURI": "https://raw.githubusercontent.com/PokeAPI/sprites/master/sprites/pokemon/75.png"}, {"name": "golem", "types": ["ground", "rock"], "id": 76, "spriteURI": "https://raw.githubusercontent.com/PokeAPI/sprites/master/sprites/pokemon/76.png"}, {"name": "ponyta", "types": ["fire"], "id": 77, "spriteURI": "https://raw.githubusercontent.com/PokeAPI/sprites/master/sprites/pokemon/77.png"}, {"name": "rapidash", "types": ["fire"], "id": 78, "spriteURI": "https://raw.githubusercontent.com/PokeAPI/sprites/master/sprites/pokemon/78.png"}, {"name": "slowpoke", "types": ["psychic", "water"], "id": 79, "spriteURI": "https://raw.githubusercontent.com/PokeAPI/sprites/master/sprites/pokemon/79.png"}, {"name": "slowbro", "types": ["psychic", "water"], "id": 80, "spriteURI": "https://raw.githubusercontent.com/PokeAPI/sprites/master/sprites/pokemon/80.png"}, {"name": "magnemite", "types": ["steel", "electric"], "id": 81, "spriteURI": "https://raw.githubusercontent.com/PokeAPI/sprites/master/sprites/pokemon/81.png"}, {"name": "magneton", "types": ["steel", "electric"], "id": 82, "spriteURI": "https://raw.githubusercontent.com/PokeAPI/sprites/master/sprites/pokemon/82.png"}, {"name": "farfetchd", "types": ["flying", "normal"], "id": 83, "spriteURI": "https://raw.githubusercontent.com/PokeAPI/sprites/master/sprites/pokemon/83.png"}, {"name": "doduo", "types": ["flying", "normal"], "id": 84, "spriteURI": "https://raw.githubusercontent.com/PokeAPI/sprites/master/sprites/pokemon/84.png"}, {"name": "dodrio", "types": ["flying", "normal"], "id": 85, "spriteURI": "https://raw.githubusercontent.com/PokeAPI/sprites/master/sprites/pokemon/85.png"}, {"name": "seel", "types": ["water"], "id": 86, "spriteURI": "https://raw.githubusercontent.com/PokeAPI/sprites/master/sprites/pokemon/86.png"}, {"name": "dewgong", "types": ["ice", "water"], "id": 87, "spriteURI": "https://raw.githubusercontent.com/PokeAPI/sprites/master/sprites/pokemon/87.png"}, {"name": "grimer", "types": ["poison"], "id": 88, "spriteURI": "https://raw.githubusercontent.com/PokeAPI/sprites/master/sprites/pokemon/88.png"}, {"name": "muk", "types": ["poison"], "id": 89, "spriteURI": "https://raw.githubusercontent.com/PokeAPI/sprites/master/sprites/pokemon/89.png"}, {"name": "shellder", "types": ["water"], "id": 90, "spriteURI": "https://raw.githubusercontent.com/PokeAPI/sprites/master/sprites/pokemon/90.png"}, {"name": "cloyster", "types": ["ice", "water"], "id": 91, "spriteURI": "https://raw.githubusercontent.com/PokeAPI/sprites/master/sprites/pokemon/91.png"}, {"name": "gastly", "types": ["poison", "ghost"], "id": 92, "spriteURI": "https://raw.githubusercontent.com/PokeAPI/sprites/master/sprites/pokemon/92.png"}, {"name": "haunter", "types": ["poison", "ghost"], "id": 93, "spriteURI": "https://raw.githubusercontent.com/PokeAPI/sprites/master/sprites/pokemon/93.png"}, {"name": "gengar", "types": ["poison", "ghost"], "id": 94, "spriteURI": "https://raw.githubusercontent.com/PokeAPI/sprites/master/sprites/pokemon/94.png"}, {"name": "onix", "types": ["ground", "rock"], "id": 95, "spriteURI": "https://raw.githubusercontent.com/PokeAPI/sprites/master/sprites/pokemon/95.png"}, {"name": "drowzee", "types": ["psychic"], "id": 96, "spriteURI": "https://raw.githubusercontent.com/PokeAPI/sprites/master/sprites/pokemon/96.png"}, {"name": "hypno", "types": ["psychic"], "id": 97, "spriteURI": "https://raw.githubusercontent.com/PokeAPI/sprites/master/sprites/pokemon/97.png"}, {"name": "krabby", "types": ["water"], "id": 98, "spriteURI": "https://raw.githubusercontent.com/PokeAPI/sprites/master/sprites/pokemon/98.png"}, {"name": "kingler", "types": ["water"], "id": 99, "spriteURI": "https://raw.githubusercontent.com/PokeAPI/sprites/master/sprites/pokemon/99.png"}, {"name": "voltorb", "types": ["electric"], "id": 100, "spriteURI": "https://raw.githubusercontent.com/PokeAPI/sprites/master/sprites/pokemon/100.png"}, {"name": "electrode", "types": ["electric"], "id": 101, "spriteURI": "https://raw.githubusercontent.com/PokeAPI/sprites/master/sprites/pokemon/101.png"}, {"name": "exeggcute", "types": ["psychic", "grass"], "id": 102, "spriteURI": "https://raw.githubusercontent.com/PokeAPI/sprites/master/sprites/pokemon/102.png"}, {"name": "exeggutor", "types": ["psychic", "grass"], "id": 103, "spriteURI": "https://raw.githubusercontent.com/PokeAPI/sprites/master/sprites/pokemon/103.png"}, {"name": "cubone", "types": ["ground"], "id": 104, "spriteURI": "https://raw.githubusercontent.com/PokeAPI/sprites/master/sprites/pokemon/104.png"}, {"name": "marowak", "types": ["ground"], "id": 105, "spriteURI": "https://raw.githubusercontent.com/PokeAPI/sprites/master/sprites/pokemon/105.png"}, {"name": "hitmonlee", "types": ["fighting"], "id": 106, "spriteURI": "https://raw.githubusercontent.com/PokeAPI/sprites/master/sprites/pokemon/106.png"}, {"name": "hitmonchan", "types": ["fighting"], "id": 107, "spriteURI": "https://raw.githubusercontent.com/PokeAPI/sprites/master/sprites/pokemon/107.png"}, {"name": "lickitung", "types": ["normal"], "id": 108, "spriteURI": "https://raw.githubusercontent.com/PokeAPI/sprites/master/sprites/pokemon/108.png"}, {"name": "koffing", "types": ["poison"], "id": 109, "spriteURI": "https://raw.githubusercontent.com/PokeAPI/sprites/master/sprites/pokemon/109.png"}, {"name": "weezing", "types": ["poison"], "id": 110, "spriteURI": "https://raw.githubusercontent.com/PokeAPI/sprites/master/sprites/pokemon/110.png"}, {"name": "rhyhorn", "types": ["rock", "ground"], "id": 111, "spriteURI": "https://raw.githubusercontent.com/PokeAPI/sprites/master/sprites/pokemon/111.png"}, {"name": "rhydon", "types": ["rock", "ground"], "id": 112, "spriteURI": "https://raw.githubusercontent.com/PokeAPI/sprites/master/sprites/pokemon/112.png"}, {"name": "chansey", "types": ["normal"], "id": 113, "spriteURI": "https://raw.githubusercontent.com/PokeAPI/sprites/master/sprites/pokemon/113.png"}, {"name": "tangela", "types": ["grass"], "id": 114, "spriteURI": "https://raw.githubusercontent.com/PokeAPI/sprites/master/sprites/pokemon/114.png"}, {"name": "kangaskhan", "types": ["normal"], "id": 115, "spriteURI": "https://raw.githubusercontent.com/PokeAPI/sprites/master/sprites/pokemon/115.png"}, {"name": "horsea", "types": ["water"], "id": 116, "spriteURI": "https://raw.githubusercontent.com/PokeAPI/sprites/master/sprites/pokemon/116.png"}, {"name": "seadra", "types": ["water"], "id": 117, "spriteURI": "https://raw.githubusercontent.com/PokeAPI/sprites/master/sprites/pokemon/117.png"}, {"name": "goldeen", "types": ["water"], "id": 118, "spriteURI": "https://raw.githubusercontent.com/PokeAPI/sprites/master/sprites/pokemon/118.png"}, {"name": "seaking", "types": ["water"], "id": 119, "spriteURI": "https://raw.githubusercontent.com/PokeAPI/sprites/master/sprites/pokemon/119.png"}, {"name": "staryu", "types": ["water"], "id": 120, "spriteURI": "https://raw.githubusercontent.com/PokeAPI/sprites/master/sprites/pokemon/120.png"}, {"name": "starmie", "types": ["psychic", "water"], "id": 121, "spriteURI": "https://raw.githubusercontent.com/PokeAPI/sprites/master/sprites/pokemon/121.png"}, {"name": "mr-mime", "types": ["fairy", "psychic"], "id": 122, "spriteURI": "https://raw.githubusercontent.com/PokeAPI/sprites/master/sprites/pokemon/122.png"}, {"name": "scyther", "types": ["flying", "bug"], "id": 123, "spriteURI": "https://raw.githubusercontent.com/PokeAPI/sprites/master/sprites/pokemon/123.png"}, {"name": "jynx", "types": ["psychic", "ice"], "id": 124, "spriteURI": "https://raw.githubusercontent.com/PokeAPI/sprites/master/sprites/pokemon/124.png"}, {"name": "electabuzz", "types": ["electric"], "id": 125, "spriteURI": "https://raw.githubusercontent.com/PokeAPI/sprites/master/sprites/pokemon/125.png"}, {"name": "magmar", "types": ["fire"], "id": 126, "spriteURI": "https://raw.githubusercontent.com/PokeAPI/sprites/master/sprites/pokemon/126.png"}, {"name": "pinsir", "types": ["bug"], "id": 127, "spriteURI": "https://raw.githubusercontent.com/PokeAPI/sprites/master/sprites/pokemon/127.png"}, {"name": "tauros", "types": ["normal"], "id": 128, "spriteURI": "https://raw.githubusercontent.com/PokeAPI/sprites/master/sprites/pokemon/128.png"}, {"name": "magikarp", "types": ["water"], "id": 129, "spriteURI": "https://raw.githubusercontent.com/PokeAPI/sprites/master/sprites/pokemon/129.png"}, {"name": "gyarados", "types": ["flying", "water"], "id": 130, "spriteURI": "https://raw.githubusercontent.com/PokeAPI/sprites/master/sprites/pokemon/130.png"}, {"name": "lapras", "types": ["ice", "water"], "id": 131, "spriteURI": "https://raw.githubusercontent.com/PokeAPI/sprites/master/sprites/pokemon/131.png"}, {"name": "ditto", "types": ["normal"], "id": 132, "spriteURI": "https://raw.githubusercontent.com/PokeAPI/sprites/master/sprites/pokemon/132.png"}, {"name": "eevee", "types": ["normal"], "id": 133, "spriteURI": "https://raw.githubusercontent.com/PokeAPI/sprites/master/sprites/pokemon/133.png"}, {"name": "vaporeon", "types": ["water"], "id": 134, "spriteURI": "https://raw.githubusercontent.com/PokeAPI/sprites/master/sprites/pokemon/134.png"}, {"name": "jolteon", "types": ["electric"], "id": 135, "spriteURI": "https://raw.githubusercontent.com/PokeAPI/sprites/master/sprites/pokemon/135.png"}, {"name": "flareon", "types": ["fire"], "id": 136, "spriteURI": "https://raw.githubusercontent.com/PokeAPI/sprites/master/sprites/pokemon/136.png"}, {"name": "porygon", "types": ["normal"], "id": 137, "spriteURI": "https://raw.githubusercontent.com/PokeAPI/sprites/master/sprites/pokemon/137.png"}, {"name": "omanyte", "types": ["water", "rock"], "id": 138, "spriteURI": "https://raw.githubusercontent.com/PokeAPI/sprites/master/sprites/pokemon/138.png"}, {"name": "omastar", "types": ["water", "rock"], "id": 139, "spriteURI": "https://raw.githubusercontent.com/PokeAPI/sprites/master/sprites/pokemon/139.png"}, {"name": "kabuto", "types": ["water", "rock"], "id": 140, "spriteURI": "https://raw.githubusercontent.com/PokeAPI/sprites/master/sprites/pokemon/140.png"}, {"name": "kabutops", "types": ["water", "rock"], "id": 141, "spriteURI": "https://raw.githubusercontent.com/PokeAPI/sprites/master/sprites/pokemon/141.png"}, {"name": "aerodactyl", "types": ["flying", "rock"], "id": 142, "spriteURI": "https://raw.githubusercontent.com/PokeAPI/sprites/master/sprites/pokemon/142.png"}, {"name": "snorlax", "types": ["normal"], "id": 143, "spriteURI": "https://raw.githubusercontent.com/PokeAPI/sprites/master/sprites/pokemon/143.png"}, {"name": "articuno", "types": ["flying", "ice"], "id": 144, "spriteURI": "https://raw.githubusercontent.com/PokeAPI/sprites/master/sprites/pokemon/144.png"}, {"name": "zapdos", "types": ["flying", "electric"], "id": 145, "spriteURI": "https://raw.githubusercontent.com/PokeAPI/sprites/master/sprites/pokemon/145.png"}, {"name": "moltres", "types": ["flying", "fire"], "id": 146, "spriteURI": "https://raw.githubusercontent.com/PokeAPI/sprites/master/sprites/pokemon/146.png"}, {"name": "dratini", "types": ["dragon"], "id": 147, "spriteURI": "https://raw.githubusercontent.com/PokeAPI/sprites/master/sprites/pokemon/147.png"}, {"name": "dragonair", "types": ["dragon"], "id": 148, "spriteURI": "https://raw.githubusercontent.com/PokeAPI/sprites/master/sprites/pokemon/148.png"}, {"name": "dragonite", "types": ["flying", "dragon"], "id": 149, "spriteURI": "https://raw.githubusercontent.com/PokeAPI/sprites/master/sprites/pokemon/149.png"}, {"name": "mewtwo", "types": ["psychic"], "id": 150, "spriteURI": "https://raw.githubusercontent.com/PokeAPI/sprites/master/sprites/pokemon/150.png"}, {"name": "mew", "types": ["psychic"], "id": 151, "spriteURI": "https://raw.githubusercontent.com/PokeAPI/sprites/master/sprites/pokemon/151.png"}]